,precision,recall,f1,acc
0,0.26174496644295303,0.9069767441860465,0.40625,0.9069767441860465
